{
  "project_info": {
    "project_number": "995375988672",
    "firebase_url": "https://polycap-authentication.firebaseio.com",
    "project_id": "polycap-authentication",
    "storage_bucket": "polycap-authentication.appspot.com"
  },
  "client": [
    {
      "client_info": {
        "mobilesdk_app_id": "1:995375988672:android:a15f8b2391e74cea",
        "android_client_info": {
          "package_name": "edu.fsu.cs.mobile.firebasetest"
        }
      },
      "oauth_client": [
        {
          "client_id": "995375988672-nm7v67sqg0jdnnmn240ngsdkiol6b069.apps.googleusercontent.com",
          "client_type": 3
        }
      ],
      "api_key": [
        {
          "current_key": "AIzaSyB1Vloh9ofcSUXHhQSXm9kAkfZUmU7C-lg"
        }
      ],
      "services": {
        "analytics_service": {
          "status": 1
        },
        "appinvite_service": {
          "status": 1,
          "other_platform_oauth_client": []
        },
        "ads_service": {
          "status": 2
        }
      }
    }
  ],
  "configuration_version": "1"
}